Index,Character Count (including spaces),Word Count
0,55,9
1,34,8
2,73,12
3,98,16
4,7,2
5,14,3
6,183,36
7,531,96
8,98,19
9,383,65
10,263,47
11,119,18
12,256,42
13,6,1
14,14,3
15,53,8
16,40,7
17,57,9
18,356,64
19,360,61
20,331,62
21,12,3
22,38,8
23,1129,196
24,453,70
25,25,5
26,43,7
27,100,14
28,115,20
29,77,12
30,21,4
31,419,70
32,115,23
33,53,11
34,617,116
35,181,32
36,442,86
37,48,9
38,54,9
39,167,28
40,47,9
41,192,38
42,218,39
43,139,26
44,66,14
45,137,23
46,19,4
47,16,3
48,330,62
49,171,31
50,40,7
51,38,6
52,65,11
53,429,85
54,33,6
55,40,7
56,40,7
57,72,9
58,24,5
59,144,27
60,55,10
61,142,28
62,55,10
63,85,15
64,183,37
65,65,12
66,106,20
67,254,49
68,73,12
69,85,20
70,260,44
71,60,9
72,103,21
73,247,43
74,477,93
75,68,12
76,31,6
77,237,46
78,82,12
79,230,36
80,114,21
81,219,36
82,205,35
83,343,64
84,45,10
85,196,32
86,161,26
87,99,17
88,118,21
89,141,25
90,611,105
91,139,26
92,82,18
93,62,14
94,33,7
95,125,23
96,110,23
97,47,9
98,42,8
99,151,28
100,41,7
101,76,16
102,28,6
103,25,5
104,138,25
105,468,77
106,406,74
107,429,81
108,22,5
109,656,116
110,31,3
111,363,58
112,36,6
113,405,74
114,1131,199
115,473,81
116,584,99
117,175,32
118,41,8
119,64,11
120,18,4
121,214,32
122,208,31
123,63,10
124,25,5
125,96,16
126,224,38
127,124,23
128,34,7
129,16,2
130,28,5
131,20,2
132,291,52
133,67,11
134,44,10
135,108,21
136,139,25
137,92,17
138,54,9
139,229,35
140,45,7
141,29,5
142,271,48
143,27,5
144,24,5
145,11,2
146,50,10
147,5,1
148,214,40
149,25,4
150,71,13
151,54,11
152,413,71
153,74,15
154,32,7
155,584,100
156,146,26
157,157,31
158,125,21
159,38,6
160,41,7
161,298,51
162,401,73
163,525,80
164,32,6
165,213,41
166,70,12
167,157,26
168,349,57
169,273,48
170,152,24
171,423,69
172,180,31
173,372,68
174,350,61
175,144,21
176,780,133
177,11,2
178,85,15
179,93,18
180,308,53
181,104,16
182,330,53
183,328,63
184,59,11
185,69,13
186,126,20
187,26,5
188,258,45
189,17,3
190,11,4
191,16,5
192,409,74
193,79,15
194,67,13
195,694,120
196,19,4
197,259,47
198,368,68
199,134,23
200,180,33
201,56,9
202,465,78
203,94,15
204,319,58
205,164,24
206,408,73
207,24,6
208,48,10
209,51,8
210,169,31
211,138,22
212,100,15
213,14,3
214,32,6
215,64,10
216,11,2
217,21,3
218,108,20
219,49,9
220,39,8
221,195,33
222,57,12
223,82,15
224,40,7
225,147,26
226,123,25
227,27,6
228,74,16
229,41,7
230,8,1
231,15,3
232,11,3
233,19,5
234,53,10
235,31,6
236,5,1
237,47,8
238,371,66
239,17,3
240,11,2
241,16,3
242,18,4
243,165,28
244,513,85
245,23,6
246,499,94
247,48,8
248,99,17
249,148,26
250,15,4
251,54,9
252,17,3
253,25,5
254,33,7
255,10,2
256,12,2
257,385,69
258,29,6
259,58,8
260,22,5
261,52,8
262,52,7
263,6,1
264,32,4
265,446,80
266,1005,178
267,30,7
268,12,3
269,139,23
270,70,12
271,106,15
272,29,4
273,433,80
274,489,90
275,470,74
276,35,5
277,7,1
278,18,4
279,68,12
280,26,5
281,297,53
282,12,2
283,49,9
284,77,17
285,67,10
286,47,8
287,25,6
288,23,5
289,220,43
290,48,9
291,28,6
292,28,5
293,79,11
294,18,3
295,229,44
296,24,4
297,28,6
298,87,14
299,55,9
300,31,6
301,19,4
302,125,26
303,18,4
304,29,6
305,9,2
306,1652,276
307,106,18
308,46,10
309,46,9
310,303,53
311,240,48
312,33,6
313,38,7
314,960,174
315,70,12
316,416,70
317,260,50
318,87,14
319,51,8
320,752,135
321,792,140
322,111,20
323,48,9
324,62,12
325,38,7
326,28,5
327,72,13
328,79,15
329,39,7
330,79,15
331,54,11
332,100,17
333,60,11
334,11,3
335,182,33
336,176,28
337,48,8
338,30,6
339,35,8
340,149,25
341,34,6
342,273,52
343,224,42
344,37,8
345,390,67
346,116,20
347,42,7
348,23,4
349,133,23
350,283,51
351,112,19
352,64,12
353,167,30
354,25,5
355,13,2
356,20,2
357,134,26
358,124,22
359,59,12
360,280,46
361,136,26
362,210,37
363,36,7
364,95,18
365,32,7
366,48,10
367,90,18
368,57,8
369,113,23
370,125,22
371,135,26
372,114,20
373,199,32
374,45,8
375,73,14
376,167,29
377,63,10
378,69,12
379,60,11
380,100,15
381,28,5
382,118,20
383,40,9
384,129,21
385,284,50
386,148,25
387,28,4
388,207,39
389,76,13
390,50,11
391,413,79
392,253,43
393,128,24
394,87,18
395,45,7
396,64,11
397,255,44
398,37,7
399,380,72
400,54,9
401,35,7
402,93,18
403,55,10
404,46,8
405,55,9
406,344,57
407,81,14
408,49,8
409,152,23
410,111,22
411,38,5
412,12,2
413,89,17
414,30,5
415,220,39
416,130,22
417,107,19
418,56,9
419,58,10
420,78,14
421,93,19
422,12,3
423,173,34
424,20,5
425,47,8
426,45,8
427,19,3
428,616,105
429,49,10
430,30,7
431,46,6
432,649,117
433,28,5
434,37,6
435,108,18
436,16,4
437,31,7
438,69,15
439,72,14
440,18,4
441,29,7
442,27,5
443,367,61
444,237,45
445,26,5
446,184,30
447,118,20
448,232,39
449,7,1
450,7,1
451,127,23
452,230,38
453,46,10
454,39,9
455,45,8
456,88,16
457,191,35
458,42,8
459,28,5
460,251,43
461,341,61
462,23,4
463,47,9
464,34,7
465,258,50
466,57,10
467,78,12
468,54,9
469,233,38
470,247,48
471,29,6
472,147,24
473,183,28
474,25,3
475,56,11
476,115,19
477,48,9
478,17,4
479,232,41
480,31,7
481,82,13
482,27,5
483,95,18
484,133,26
485,48,9
486,86,13
487,44,7
488,71,13
489,104,18
490,345,61
491,21,5
492,34,6
493,141,25
494,32,4
495,573,96
496,84,16
497,182,32
498,31,7
499,82,15
500,111,19
501,12,2
502,45,6
503,21,2
504,108,23
505,382,64
506,325,56
507,206,38
508,57,11
509,133,27
510,36,7
511,79,14
512,22,5
513,38,7
514,339,64
515,38,9
516,11,2
517,31,7
518,61,11
519,211,39
520,359,73
521,6,1
522,28,7
523,13,2
524,264,44
525,50,8
526,106,21
527,5,1
528,5,1
529,17,4
530,60,14
531,28,6
532,37,8
533,47,11
534,102,17
535,97,19
536,231,38
537,113,19
538,148,25
539,40,9
540,203,30
541,237,38
542,90,14
543,515,96
544,9,2
545,124,22
546,90,16
547,36,7
548,815,145
549,29,5
550,61,11
551,80,16
552,89,19
553,84,19
554,442,83
555,15,4
556,13,3
557,139,24
558,387,66
559,11,2
560,37,7
561,15,3
562,555,105
563,13,3
564,13,3
565,228,44
566,116,24
567,38,6
568,72,14
569,57,9
570,38,6
571,237,42
572,408,70
573,467,83
574,21,5
575,43,8
576,76,15
577,220,40
578,86,18
579,47,9
580,87,17
581,126,24
582,120,18
583,806,154
584,25,4
585,119,14
586,33,4
587,196,29
588,224,32
589,60,10
590,19,3
591,220,38
592,303,50
593,42,7
594,49,7
595,44,8
596,116,23
597,57,13
598,130,20
599,210,38
600,178,29
601,200,33
602,54,9
603,34,5
604,17,3
605,36,6
606,133,22
607,46,8
608,56,9
609,374,65
610,72,14
611,14,2
612,23,5
613,30,6
614,59,10
615,96,15
616,32,5
617,182,31
618,14,4
619,47,8
620,121,20
621,68,13
622,365,65
623,315,59
624,14,3
625,12,2
626,68,13
627,124,21
628,185,32
629,17,4
630,16,4
631,159,31
632,224,42
633,68,12
634,39,7
635,54,10
636,294,53
637,270,49
638,330,56
639,29,6
640,128,23
641,168,28
642,25,5
643,412,71
644,78,16
645,393,66
646,102,20
647,28,6
648,350,58
649,232,38
650,11,3
651,11,3
652,35,8
653,46,7
654,398,70
655,50,10
656,149,27
657,34,7
658,204,40
659,769,126
660,79,14
661,394,70
662,32,6
663,30,6
664,60,10
665,47,8
666,163,27
667,36,6
668,46,9
669,204,36
670,24,4
671,392,60
672,19,4
673,768,138
674,80,13
675,92,15
676,113,21
677,270,49
678,85,16
679,109,19
680,20,3
681,19,4
682,10,2
683,43,7
684,115,21
685,76,13
686,36,5
687,133,18
688,126,18
689,152,25
690,83,13
691,428,72
692,49,8
693,254,43
694,138,25
695,4,1
696,212,39
697,89,14
698,99,21
699,100,17
700,191,29
701,28,6
702,97,20
703,276,50
704,100,16
705,42,7
706,149,22
707,45,9
708,332,56
709,103,20
710,188,29
711,195,32
712,213,37
713,267,42
714,194,32
715,1411,245
716,342,66
717,392,73
718,560,90
719,228,34
720,173,28
721,24,5
722,96,18
723,178,32
724,160,29
725,120,21
726,101,19
727,114,17
728,30,8
729,22,3
730,142,25
731,62,13
732,131,23
733,71,11
734,229,38
735,24,5
736,181,33
737,160,27
738,235,39
739,136,24
740,112,21
741,76,15
742,47,8
743,254,47
744,36,6
745,146,26
746,60,11
747,60,11
748,38,6
749,166,28
750,367,63
751,68,12
752,71,13
753,70,12
754,170,27
755,30,6
756,277,47
757,269,48
758,43,8
759,62,11
760,92,16
761,44,10
762,27,5
763,46,9
764,184,32
765,63,11
766,43,7
767,172,30
768,119,23
769,79,10
770,115,21
771,33,5
772,142,23
773,162,29
774,36,8
775,93,15
776,69,12
777,28,7
778,71,13
779,16,4
780,123,20
781,106,21
782,43,7
783,162,28
784,67,13
785,35,7
786,90,17
787,74,13
788,38,7
789,22,5
790,57,11
791,49,7
792,49,9
793,31,7
794,70,10
795,70,13
796,31,7
797,29,6
798,43,7
799,197,31
800,149,28
801,17,2
802,50,9
803,62,12
804,33,8
805,141,26
806,53,7
807,16,3
808,273,43
809,27,5
810,23,4
811,60,11
812,27,4
813,24,4
814,71,13
815,17,3
816,127,24
817,553,91
818,251,43
819,143,26
820,14,4
821,28,6
822,67,14
823,79,18
824,180,32
825,139,23
826,40,7
827,51,9
828,58,12
829,39,8
830,33,4
831,17,4
832,147,26
833,27,5
834,33,6
835,83,13
836,53,10
837,32,7
838,12,3
839,139,28
840,57,9
841,11,1
842,24,5
843,12,3
844,24,5
845,99,15
846,27,5
847,43,10
848,436,71
849,27,4
850,78,13
851,50,10
852,303,56
853,217,38
854,25,4
855,227,42
856,22,5
857,13,2
858,120,21
859,52,10
860,8,2
861,141,30
862,141,23
863,38,6
864,105,21
865,195,41
866,96,20
867,36,7
868,49,10
869,45,8
870,26,6
871,46,10
872,85,15
873,35,6
874,53,9
875,26,5
876,74,16
877,36,8
878,74,15
879,146,26
880,289,59
881,59,8
882,152,28
883,56,10
884,46,9
885,40,8
886,112,23
887,122,20
888,26,5
889,127,20
890,61,10
891,29,6
892,108,20
893,57,11
894,217,43
895,38,8
896,44,10
897,17,3
898,61,10
899,436,80
900,10,2
901,15,3
902,73,12
903,474,82
904,26,6
905,29,6
906,52,11
907,80,11
908,37,6
909,86,14
910,80,15
911,92,16
912,60,9
913,61,11
914,85,17
915,90,14
916,43,10
917,31,5
918,75,13
919,47,8
920,506,92
921,63,10
922,132,24
923,18,3
924,153,30
925,60,13
926,21,5
927,445,79
928,60,14
929,67,12
930,46,8
931,28,4
932,58,11
933,32,6
934,160,26
935,66,14
936,517,95
937,318,55
938,8,2
939,36,6
940,57,10
941,105,19
942,19,3
943,60,11
944,48,9
945,13,3
946,53,12
947,655,117
948,180,31
949,77,14
950,115,18
951,155,29
952,99,16
953,226,45
954,235,43
955,239,35
956,196,38
957,64,13
958,264,45
959,201,34
960,38,7
961,31,4
962,71,10
963,24,3
964,28,3
965,109,18
966,107,16
967,84,17
968,215,36
969,69,14
970,83,15
971,72,12
972,182,36
973,118,20
974,89,14
975,97,18
976,305,47
977,56,12
978,118,17
979,25,5
980,24,4
981,15,2
982,60,7
983,55,10
984,29,7
985,57,11
986,161,28
987,30,6
988,174,31
989,271,44
990,175,28
991,116,21
992,149,25
993,58,12
994,62,12
995,47,8
996,70,12
997,58,7
998,31,5
999,11,1
1000,46,8
1001,10,2
1002,34,5
1003,170,32
1004,114,20
1005,35,9
1006,156,21
1007,199,30
1008,24,4
1009,332,55
1010,202,36
1011,42,8
1012,72,13
1013,26,4
1014,71,9
1015,47,9
1016,76,14
1017,553,103
1018,46,7
1019,38,7
1020,99,21
1021,178,30
1022,68,12
1023,293,56
1024,65,12
1025,31,7
1026,86,17
1027,50,9
1028,51,9
1029,223,37
1030,67,13
1031,11,1
1032,75,15
1033,210,39
1034,599,104
1035,33,6
1036,38,7
1037,52,10
1038,37,7
1039,227,39
1040,102,22
1041,35,6
1042,181,30
1043,37,9
1044,374,67
1045,176,36
1046,77,16
1047,408,68
1048,175,32
1049,84,17
1050,193,33
1051,97,18
1052,157,30
1053,137,26
1054,75,14
1055,105,22
1056,66,10
1057,108,17
1058,947,166
1059,228,41
1060,67,9
1061,229,42
1062,214,38
1063,176,33
1064,110,21
1065,35,4
1066,162,35
1067,86,15
1068,334,54
1069,222,40
1070,270,54
1071,156,27
1072,98,16
1073,18,5
1074,465,80
1075,117,22
1076,16,3
1077,239,45
1078,83,15
1079,258,46
1080,122,21
1081,235,41
1082,331,57
1083,40,7
1084,54,10
1085,163,26
1086,263,51
1087,123,22
1088,241,45
1089,77,12
1090,41,9
1091,34,7
1092,2519,452
1093,1054,184
1094,43,8
1095,130,24
1096,44,7
1097,196,36
1098,365,67
1099,67,12
1100,107,19
1101,132,23
1102,339,61
1103,1996,358
1104,175,27
1105,169,29
1106,536,91
1107,340,61
1108,216,38
1109,1413,234
1110,150,27
1111,221,36
1112,252,44
1113,95,17
1114,362,60
1115,23,5
1116,15,3
1117,136,23
1118,19,4
1119,27,5
1120,42,6
1121,409,72
1122,18,4
1123,366,64
1124,114,19
1125,37,8
1126,50,9
1127,36,7
1128,61,11
1129,166,32
1130,124,22
1131,105,20
1132,524,75
1133,38,8
1134,77,13
1135,47,10
1136,132,20
1137,42,9
1138,111,19
1139,257,46
1140,35,6
1141,23,5
1142,453,74
1143,43,9
1144,113,22
1145,95,14
1146,96,12
1147,126,20
1148,77,14
1149,104,16
1150,15,3
1151,32,4
1152,43,8
1153,72,13
1154,79,12
1155,151,24
1156,59,11
1157,40,7
1158,37,6
1159,114,21
1160,118,20
1161,68,14
1162,68,12
1163,35,6
1164,35,5
1165,13,2
1166,45,8
1167,178,29
1168,103,20
1169,159,28
1170,19,4
1171,70,11
1172,23,4
1173,38,6
1174,402,60
1175,82,15
1176,377,61
1177,90,17
1178,44,9
1179,42,8
1180,53,10
1181,117,21
1182,23,4
1183,305,50
1184,55,10
1185,24,5
1186,35,6
1187,21,5
1188,45,8
1189,23,4
1190,54,9
1191,18,4
1192,33,8
1193,14,2
1194,65,14
1195,48,11
1196,77,15
1197,151,26
1198,221,38
1199,462,86
1200,57,11
1201,18,3
1202,180,25
1203,130,24
1204,37,6
1205,65,12
1206,58,9
1207,69,8
1208,199,40
1209,139,26
1210,14,3
1211,34,5
1212,209,37
1213,93,17
1214,57,11
1215,44,9
1216,62,12
1217,146,25
1218,215,38
1219,18,4
1220,41,7
1221,83,16
1222,17,4
1223,146,22
1224,30,7
1225,33,6
1226,37,8
1227,94,18
1228,76,12
1229,47,9
1230,156,28
1231,50,10
1232,202,37
1233,66,13
1234,206,38
1235,78,13
1236,37,7
1237,19,3
1238,30,5
1239,19,3
1240,94,17
1241,55,11
1242,20,4
1243,27,3
1244,243,47
1245,206,37
1246,114,13
1247,64,11
1248,33,6
1249,31,6
1250,32,5
1251,11,2
1252,99,16
1253,52,11
1254,41,6
1255,50,10
1256,569,102
1257,41,7
1258,102,18
1259,411,71
1260,202,36
1261,1070,178
1262,36,6
1263,682,112
1264,165,32
1265,270,42
1266,34,4
1267,34,6
1268,36,5
1269,20,3
1270,45,9
1271,178,25
1272,72,13
1273,65,9
1274,31,5
1275,17,3
1276,187,31
1277,76,11
1278,261,41
1279,87,18
1280,53,9
1281,54,10
1282,33,8
1283,14,3
1284,92,19
1285,98,17
1286,14,3
1287,10,2
1288,84,17
1289,27,7
1290,92,17
1291,37,7
1292,28,6
1293,70,13
1294,34,6
1295,25,4
1296,25,6
1297,56,12
1298,26,4
1299,40,8
1300,131,23
1301,623,107
1302,58,7
1303,530,89
1304,107,22
1305,163,27
1306,31,6
1307,22,4
1308,39,6
1309,40,7
1310,63,8
1311,258,43
1312,42,8
1313,56,7
1314,19,3
1315,86,14
1316,31,5
1317,27,4
1318,206,31
1319,38,8
1320,43,8
1321,195,32
1322,44,9
1323,41,8
1324,19,4
1325,154,29
1326,17,4
1327,52,9
1328,237,42
1329,724,118
1330,887,144
1331,385,68
1332,157,29
1333,366,58
1334,202,32
1335,84,12
1336,108,17
1337,27,4
1338,37,7
1339,137,26
1340,182,29
1341,195,32
1342,1102,187
1343,203,30
1344,9,2
1345,14,2
1346,39,7
1347,129,22
1348,57,11
1349,14,2
1350,34,6
1351,40,8
1352,26,4
1353,60,13
1354,29,5
1355,130,22
1356,80,11
1357,52,10
1358,238,43
1359,184,31
1360,93,13
1361,24,4
1362,18,4
1363,121,20
1364,487,79
1365,427,72
1366,16,3
1367,17,4
1368,21,5
1369,133,20
1370,135,21
1371,36,6
1372,72,13
1373,29,5
1374,42,7
1375,1507,256
1376,74,11
1377,36,6
1378,44,6
1379,35,7
1380,54,11
1381,111,16
1382,32,5
1383,75,13
1384,165,29
1385,55,9
1386,39,7
1387,1279,210
1388,36,6
1389,31,5
1390,180,29
1391,54,7
1392,27,1
1393,31,4
1394,48,8
1395,73,13
1396,51,9
1397,355,59
1398,20,4
1399,19,4
1400,142,25
1401,256,46
1402,85,13
1403,230,40
1404,349,57
1405,38,8
1406,56,10
1407,311,51
1408,43,5
1409,888,145
1410,41,6
1411,46,7
1412,12,2
1413,107,17
1414,6,1
1415,271,46
1416,210,36
1417,166,32
1418,28,5
1419,128,22
1420,451,79
1421,45,8
1422,38,7
1423,65,10
1424,86,15
1425,70,12
1426,169,28
1427,132,20
1428,216,36
1429,657,110
1430,106,17
1431,32,6
1432,53,9
1433,545,88
1434,16,2
1435,45,8
1436,72,11
1437,306,51
1438,378,61
1439,74,12
1440,153,31
1441,466,80
1442,285,53
1443,143,24
1444,185,32
1445,508,87
1446,14,3
1447,22,3
1448,33,6
1449,649,110
1450,42,7
1451,271,46
1452,60,12
1453,10,2
1454,233,41
1455,384,68
1456,40,7
1457,375,66
1458,82,10
1459,38,8
1460,30,4
1461,30,4
1462,30,6
1463,182,29
1464,95,16
1465,211,39
1466,145,26
1467,246,44
1468,92,16
1469,101,17
1470,146,26
1471,33,5
1472,43,9
1473,58,12
1474,830,141
1475,16,3
1476,167,28
1477,45,7
1478,252,49
1479,132,23
1480,24,3
1481,104,15
1482,147,24
1483,488,80
1484,168,31
1485,70,11
1486,13,3
1487,133,21
1488,32,7
1489,24,3
1490,153,25
1491,25,4
1492,15,3
1493,110,20
1494,61,8
1495,82,18
1496,98,14
1497,45,10
1498,120,22
1499,220,36
1500,52,9
1501,108,20
1502,18,4
1503,49,10
1504,452,82
1505,36,7
1506,98,17
1507,10,2
1508,31,7
1509,27,4
1510,124,25
1511,160,30
1512,29,5
1513,57,11
1514,67,11
1515,37,6
1516,66,12
1517,282,47
1518,8,1
1519,420,77
1520,296,56
1521,8,2
1522,169,29
1523,88,18
1524,37,7
1525,36,6
1526,132,23
1527,470,74
1528,96,18
1529,53,10
1530,44,8
1531,476,84
1532,629,110
1533,286,49
1534,274,45
1535,63,13
1536,83,16
1537,144,26
1538,703,125
1539,42,10
1540,176,35
1541,76,14
1542,88,14
1543,200,29
1544,106,21
1545,108,18
1546,66,13
1547,33,5
1548,65,11
1549,48,7
1550,36,7
1551,216,34
1552,17,4
1553,20,3
1554,14,2
1555,151,25
1556,16,3
1557,37,6
1558,140,23
1559,54,9
1560,78,16
1561,41,7
1562,66,9
1563,41,8
1564,23,4
1565,9,2
1566,30,6
1567,32,6
1568,21,4
1569,24,4
1570,29,5
1571,107,18
1572,37,7
1573,25,5
1574,62,13
1575,21,4
1576,24,6
1577,80,18
1578,39,7
1579,99,15
1580,20,5
1581,44,6
1582,218,36
1583,85,15
1584,40,9
1585,17,4
1586,31,5
1587,65,12
1588,73,14
1589,161,24
1590,22,3
1591,24,4
1592,32,4
1593,65,13
1594,97,18
1595,105,20
1596,14,2
1597,64,12
1598,113,18
1599,44,10
1600,99,18
1601,35,7
1602,51,11
1603,86,18
1604,4,1
1605,26,4
1606,518,82
1607,25,5
1608,120,23
1609,222,41
1610,135,24
1611,52,8
1612,57,11
1613,199,34
1614,101,18
1615,103,17
1616,32,7
1617,58,10
1618,44,10
1619,53,10
1620,94,14
1621,492,95
1622,244,45
1623,21,4
1624,12,2
1625,12,3
1626,12,2
1627,89,15
1628,12,3
1629,54,10
1630,56,11
1631,158,28
1632,27,5
1633,99,19
1634,28,5
1635,26,5
1636,328,56
1637,93,16
1638,118,19
1639,121,23
1640,17,3
1641,21,5
1642,109,21
1643,10,2
1644,51,9
1645,11,2
1646,280,50
1647,22,5
1648,101,17
1649,180,36
1650,61,12
1651,43,7
1652,24,5
1653,94,16
1654,418,72
1655,160,29
1656,43,7
1657,25,5
1658,26,4
1659,153,28
1660,183,28
1661,443,79
1662,77,14
1663,89,17
1664,41,6
1665,110,20
1666,46,9
1667,25,5
1668,34,5
1669,87,15
1670,74,10
1671,108,19
1672,91,18
1673,68,14
1674,125,26
1675,91,16
1676,18,5
1677,133,24
1678,177,32
1679,38,7
1680,43,9
1681,56,10
1682,87,16
1683,52,10
1684,67,14
1685,54,11
1686,70,12
1687,146,29
1688,80,16
1689,250,43
1690,451,83
1691,32,8
1692,31,7
1693,144,25
1694,28,5
1695,27,5
1696,248,40
1697,61,11
1698,40,8
1699,39,7
1700,38,7
1701,165,25
1702,10,1
1703,80,14
1704,77,14
1705,53,11
1706,106,22
1707,109,21
1708,43,8
1709,33,7
1710,39,6
1711,19,3
1712,28,4
1713,43,8
1714,38,6
1715,123,19
1716,22,3
1717,20,4
1718,17,3
1719,52,9
1720,33,6
1721,60,10
1722,251,43
1723,458,76
1724,257,39
1725,140,22
1726,70,10
1727,40,6
1728,85,16
1729,222,31
1730,46,9
1731,51,9
1732,74,13
1733,178,32
1734,114,18
1735,116,20
1736,35,6
1737,64,13
1738,56,9
1739,21,4
1740,63,10
1741,150,28
1742,62,13
1743,60,9
1744,92,19
1745,8,1
1746,17,2
1747,12,2
1748,18,2
1749,309,53
1750,52,11
1751,87,15
1752,78,14
1753,133,25
1754,62,13
1755,40,6
1756,155,25
1757,24,5
1758,227,42
1759,41,6
1760,496,93
1761,47,7
1762,140,25
1763,427,80
1764,35,5
1765,18,3
1766,58,11
1767,154,26
1768,30,7
1769,29,6
1770,4,1
1771,55,10
1772,20,4
1773,17,4
1774,43,9
1775,35,6
1776,97,18
1777,171,31
1778,18,4
1779,74,14
1780,122,18
1781,34,7
1782,386,66
1783,73,14
1784,22,4
1785,23,4
1786,70,13
1787,40,8
1788,168,30
1789,48,9
1790,50,10
1791,26,6
1792,49,9
1793,84,14
1794,299,47
1795,30,4
1796,24,4
1797,108,15
1798,127,23
1799,249,37
1800,72,11
1801,81,12
1802,233,46
1803,29,6
1804,38,7
1805,107,20
1806,357,66
1807,33,7
1808,76,13
1809,17,3
1810,20,3
1811,32,6
1812,100,17
1813,89,17
1814,23,5
1815,96,15
1816,71,13
1817,151,26
1818,271,48
1819,44,7
1820,43,7
1821,191,32
1822,138,24
1823,39,7
1824,31,6
1825,121,18
1826,43,7
1827,26,5
1828,24,6
1829,33,7
1830,71,12
1831,101,18
1832,122,20
1833,71,13
1834,17,3
1835,62,11
1836,153,26
1837,220,38
1838,26,5
1839,136,27
1840,164,32
1841,110,18
1842,163,32
1843,29,5
1844,35,7
1845,25,4
1846,24,5
1847,94,17
1848,30,5
1849,19,4
1850,50,12
1851,90,14
1852,80,15
1853,193,33
1854,49,8
1855,56,9
1856,75,14
1857,53,8
1858,18,3
1859,247,46
1860,107,18
1861,13,3
1862,27,4
1863,19,3
1864,43,8
1865,574,97
1866,75,13
1867,61,12
1868,475,81
1869,35,6
1870,371,66
1871,19,3
1872,23,4
1873,60,12
1874,436,74
1875,22,5
1876,166,33
1877,33,8
1878,467,82
1879,51,8
1880,34,9
1881,50,10
1882,36,10
1883,34,8
1884,85,16
1885,404,75
1886,83,11
1887,31,7
1888,23,4
1889,38,8
1890,27,5
1891,341,56
1892,27,5
1893,66,13
1894,21,4
1895,57,8
1896,207,36
1897,55,10
1898,139,23
1899,90,13
1900,23,6
1901,360,51
1902,146,30
1903,29,6
1904,31,6
1905,50,11
1906,502,86
1907,18,4
1908,256,48
1909,42,9
1910,35,7
1911,28,5
1912,57,11
1913,79,14
1914,25,6
1915,22,5
1916,22,4
1917,57,11
1918,44,9
1919,24,4
1920,141,25
1921,60,10
1922,44,8
1923,88,15
1924,88,14
1925,34,8
1926,46,9
1927,613,102
1928,83,16
1929,19,4
1930,550,98
1931,17,4
1932,26,5
1933,44,8
1934,23,4
1935,428,75
1936,246,42
1937,86,15
1938,130,18
1939,62,11
1940,76,10
1941,22,5
1942,479,77
1943,190,35
1944,395,71
1945,66,13
1946,150,31
1947,56,9
1948,339,56
1949,248,41
1950,843,131
1951,170,32
1952,245,50
1953,57,12
1954,15,3
1955,367,54
1956,79,15
1957,18,4
1958,42,9
1959,186,33
1960,122,20
1961,200,37
1962,19,3
1963,62,12
1964,33,6
1965,38,9
1966,55,8
1967,162,26
1968,90,18
1969,23,5
1970,86,15
1971,41,8
1972,229,37
1973,30,5
1974,28,5
1975,87,18
1976,58,13
1977,24,5
1978,67,14
1979,186,37
1980,102,19
1981,52,10
1982,22,4
1983,28,6
1984,98,20
1985,109,20
1986,79,15
1987,112,20
1988,210,40
1989,149,25
1990,13,2
1991,20,3
1992,65,13
1993,53,12
1994,56,12
1995,110,19
1996,131,23
1997,9,2
1998,31,5
1999,182,33
2000,46,7
2001,20,4
2002,20,5
2003,115,20
2004,28,5
2005,175,30
2006,27,5
2007,107,19
2008,52,7
2009,67,12
2010,46,9
2011,38,7
2012,22,4
2013,185,39
2014,136,22
2015,210,38
2016,33,6
2017,22,5
2018,27,5
2019,29,5
2020,45,10
2021,121,23
2022,329,58
2023,42,7
2024,57,12
2025,72,13
2026,92,15
2027,203,39
2028,28,6
2029,68,11
2030,47,11
2031,78,14
2032,55,8
2033,34,7
2034,334,57
2035,75,14
2036,92,20
2037,189,31
2038,567,109
2039,27,5
2040,102,16
2041,56,11
2042,134,26
2043,48,9
2044,29,5
2045,60,12
2046,98,19
2047,64,14
2048,33,6
2049,151,24
2050,149,30
2051,26,5
2052,30,5
2053,53,11
2054,54,9
2055,18,4
2056,28,6
2057,22,5
2058,35,6
2059,162,30
2060,18,4
2061,18,4
2062,15,3
2063,17,4
2064,178,31
2065,42,8
2066,16,4
2067,38,7
2068,58,11
2069,16,3
2070,33,7
2071,194,35
2072,132,23
2073,71,14
2074,75,14
2075,122,22
2076,20,4
2077,43,8
2078,34,7
2079,60,9
2080,127,21
2081,31,4
2082,57,12
2083,175,33
2084,124,22
2085,29,4
2086,146,28
2087,103,19
2088,38,8
2089,42,8
2090,124,25
2091,91,19
2092,24,4
2093,418,81
2094,146,28
2095,150,27
2096,38,8
2097,202,35
2098,30,6
2099,13,3
2100,602,116
2101,41,8
2102,64,9
2103,33,6
2104,46,9
2105,71,11
2106,78,13
2107,32,6
2108,69,12
2109,20,4
2110,22,4
2111,112,20
2112,36,8
2113,29,5
2114,364,54
2115,10,2
2116,9,2
2117,209,33
2118,41,7
2119,10,2
2120,12,2
2121,29,6
2122,38,6
2123,124,26
2124,224,38
2125,209,38
2126,410,69
2127,17,3
2128,42,6
2129,24,5
2130,26,6
2131,68,11
2132,148,29
2133,332,58
2134,52,11
2135,76,14
2136,141,21
2137,33,6
2138,33,7
2139,21,4
2140,33,6
2141,148,24
2142,31,6
2143,13,3
2144,24,6
2145,18,3
2146,88,17
2147,186,26
2148,72,15
2149,44,8
2150,21,5
2151,44,9
2152,23,6
2153,14,3
2154,12,3
2155,37,6
2156,72,13
2157,23,5
2158,121,19
2159,40,7
2160,49,9
2161,50,9
2162,71,14
2163,53,11
2164,79,16
2165,60,12
2166,202,34
2167,27,5
2168,72,15
2169,60,12
2170,108,20
2171,10,2
2172,138,21
2173,23,4
2174,131,24
2175,38,8
2176,97,20
2177,78,14
2178,209,36
2179,429,77
2180,46,8
2181,27,4
2182,13,4
2183,32,6
2184,25,6
2185,56,9
2186,87,16
2187,71,13
2188,79,13
2189,91,17
2190,252,44
2191,22,3
2192,104,16
2193,78,15
2194,305,54
2195,263,46
2196,5,1
2197,278,49
2198,29,7
2199,119,17
2200,92,17
2201,18,3
2202,280,50
2203,352,59
2204,145,30
2205,539,89
2206,95,16
2207,35,7
2208,53,11
2209,63,10
2210,167,29
2211,48,8
2212,17,4
2213,98,20
2214,133,24
2215,522,86
2216,287,47
2217,29,6
2218,301,52
2219,136,23
2220,45,8
2221,62,12
2222,156,24
2223,52,11
2224,60,10
2225,108,16
2226,28,7
2227,39,7
2228,151,29
2229,151,27
2230,240,43
2231,37,6
2232,61,10
2233,31,5
2234,459,84
2235,211,34
2236,34,6
2237,111,23
2238,38,7
2239,29,7
2240,56,10
2241,49,10
2242,32,7
2243,24,5
2244,30,6
2245,15,3
2246,32,6
2247,63,14
2248,28,6
2249,98,16
2250,32,5
2251,12,3
2252,58,12
2253,74,14
2254,128,24
2255,199,37
2256,131,21
2257,114,14
2258,56,11
2259,21,4
2260,17,4
2261,218,42
2262,37,8
2263,27,6
2264,522,92
2265,63,12
2266,291,56
2267,22,4
2268,22,4
2269,85,15
2270,104,20
2271,256,44
2272,99,19
2273,63,10
2274,293,58
2275,125,23
2276,20,5
2277,144,29
2278,47,8
2279,30,5
2280,81,16
2281,42,9
2282,13,4
2283,212,40
2284,21,4
2285,23,4
2286,179,34
2287,74,13
2288,8,2
2289,10,2
2290,27,4
2291,18,3
2292,81,14
2293,51,9
2294,64,11
2295,57,10
2296,29,5
2297,25,5
2298,65,13
2299,63,13
2300,23,4
2301,54,12
2302,193,34
2303,96,17
2304,179,33
2305,37,6
2306,26,6
2307,299,58
2308,54,10
2309,53,11
2310,146,27
2311,377,67
2312,765,140
2313,57,10
2314,269,46
2315,36,7
2316,267,46
2317,679,119
2318,58,8
2319,21,3
2320,160,28
2321,1520,262
2322,227,38
2323,581,96
2324,712,129
2325,49,9
2326,56,10
2327,52,9
2328,121,20
2329,23,4
2330,10,2
2331,421,70
2332,303,50
2333,22,4
2334,61,11
2335,456,80
2336,435,74
2337,37,7
2338,27,4
2339,228,40
2340,52,8
2341,46,9
2342,183,31
2343,502,87
2344,235,38
2345,17,4
2346,64,13
2347,91,14
2348,59,12
2349,346,59
2350,53,8
2351,29,6
2352,22,3
2353,42,7
2354,96,21
2355,100,18
2356,525,100
2357,23,3
2358,32,7
2359,76,12
2360,489,80
2361,55,7
2362,323,55
2363,21,3
2364,300,46
2365,146,26
2366,118,20
2367,240,40
2368,24,4
2369,229,43
2370,179,34
2371,116,20
2372,230,37
2373,359,64
2374,24,5
2375,196,33
2376,630,106
2377,75,15
2378,428,74
2379,317,58
2380,229,40
2381,116,22
2382,299,51
2383,32,6
2384,116,19
2385,174,30
2386,143,23
2387,28,5
2388,61,11
2389,38,8
2390,837,144
2391,211,35
2392,98,19
2393,73,13
2394,241,39
2395,112,17
2396,68,12
2397,207,33
2398,248,39
2399,25,6
2400,26,5
2401,41,6
2402,36,8
2403,362,69
2404,87,17
2405,40,8
2406,46,8
2407,28,5
2408,20,4
2409,120,20
2410,97,18
2411,36,6
2412,15,3
2413,47,9
2414,28,5
2415,44,9
2416,54,11
2417,33,7
2418,40,4
2419,174,31
2420,62,11
2421,29,6
2422,124,25
2423,335,58
2424,28,5
2425,42,6
2426,26,5
2427,281,53
2428,823,141
2429,67,12
2430,33,7
2431,90,18
2432,73,13
2433,26,4
2434,76,12
2435,41,10
2436,52,11
2437,94,17
2438,41,8
2439,28,5
2440,74,15
2441,45,7
2442,79,12
2443,36,6
2444,411,70
2445,41,7
2446,254,45
2447,39,6
2448,103,18
2449,55,11
2450,24,5
2451,204,36
2452,97,17
2453,31,6
2454,60,11
2455,68,13
2456,33,7
2457,43,9
2458,13,3
2459,15,3
2460,30,7
2461,37,7
2462,141,24
2463,213,42
2464,24,5
2465,377,69
2466,149,29
2467,230,39
2468,70,13
2469,19,4
2470,345,65
2471,14,2
2472,46,7
2473,11,2
2474,19,4
2475,12,2
2476,22,4
2477,26,5
2478,136,25
2479,17,3
2480,140,22
2481,47,7
2482,50,9
2483,31,7
2484,71,12
2485,264,45
2486,165,28
2487,339,54
2488,14,3
2489,26,3
2490,53,10
2491,22,4
2492,100,18
2493,112,22
2494,26,5
2495,24,5
2496,21,4
2497,187,34
2498,286,51
2499,44,7
2500,57,11
2501,6,1
2502,406,69
2503,226,42
2504,311,56
2505,74,11
2506,54,10
2507,473,82
2508,48,6
2509,25,5
2510,178,35
2511,238,41
2512,12,2
2513,29,6
2514,60,10
2515,159,27
2516,44,7
2517,21,4
2518,115,18
2519,55,8
2520,301,56
2521,127,25
2522,403,73
2523,22,5
2524,32,6
2525,56,10
2526,836,151
2527,35,6
2528,175,28
2529,29,6
2530,161,26
2531,38,8
2532,583,100
2533,70,12
2534,7,2
2535,171,31
2536,31,6
2537,21,4
2538,39,7
2539,162,27
2540,447,80
2541,33,4
2542,150,28
2543,32,6
2544,276,50
2545,44,8
2546,598,92
2547,150,25
2548,40,6
2549,14,3
2550,156,31
2551,30,7
2552,38,6
2553,22,5
2554,28,6
2555,60,12
2556,90,20
2557,49,8
2558,45,7
2559,141,19
2560,294,45
2561,86,15
2562,96,17
2563,26,5
2564,16,3
2565,183,36
2566,45,8
2567,48,9
2568,79,13
2569,178,31
2570,35,6
2571,17,4
2572,82,14
2573,9,2
2574,278,49
2575,20,4
2576,160,28
2577,199,34
2578,26,4
2579,119,21
2580,32,6
2581,49,9
2582,20,4
2583,61,11
2584,53,9
2585,38,7
2586,53,10
2587,20,4
2588,44,7
2589,51,11
2590,71,14
2591,23,5
2592,29,6
2593,886,146
2594,49,5
2595,14,3
2596,56,11
2597,16,4
2598,61,11
2599,79,15
2600,48,8
2601,37,6
2602,268,47
2603,23,4
2604,294,48
2605,32,7
2606,38,6
2607,14,2
2608,183,30
2609,80,14
2610,117,23
2611,39,8
2612,216,36
2613,226,35
2614,170,29
2615,410,75
2616,44,10
2617,82,13
2618,71,15
2619,405,72
2620,446,79
2621,45,9
2622,58,10
2623,30,6
2624,55,9
2625,96,19
2626,90,16
2627,13,2
2628,12,2
2629,61,9
2630,24,5
2631,20,4
2632,44,8
2633,482,88
2634,26,4
2635,145,28
2636,47,7
2637,65,11
2638,115,23
2639,210,36
2640,25,5
2641,466,78
2642,62,11
2643,69,11
2644,28,5
2645,201,34
2646,58,12
2647,24,5
2648,44,7
2649,219,39
2650,115,18
2651,136,24
2652,97,17
2653,58,12
2654,38,8
2655,75,13
2656,131,22
2657,51,8
2658,72,13
2659,140,25
2660,157,26
2661,55,13
2662,50,11
2663,48,7
2664,57,11
2665,72,11
2666,78,14
2667,77,13
2668,32,5
2669,34,6
2670,58,9
2671,85,16
2672,364,61
2673,81,15
2674,25,6
2675,78,13
2676,81,15
2677,33,5
2678,21,4
2679,139,20
2680,34,6
2681,17,3
2682,152,29
2683,31,6
2684,65,12
2685,30,5
2686,117,21
2687,36,7
2688,84,13
2689,87,17
2690,14,4
2691,23,6
2692,116,20
2693,25,6
2694,101,19
2695,89,17
2696,154,26
2697,22,4
2698,19,3
2699,176,26
2700,108,18
2701,107,22
2702,34,6
2703,457,80
2704,243,45
2705,244,42
2706,79,12
2707,152,29
2708,34,6
2709,31,5
2710,23,4
2711,35,7
2712,101,20
2713,52,9
2714,252,47
2715,177,35
2716,132,24
2717,36,6
2718,81,14
2719,21,5
2720,12,3
2721,99,21
2722,72,12
2723,18,5
2724,25,5
2725,43,9
2726,102,18
2727,18,4
2728,134,22
2729,25,5
2730,25,4
2731,156,31
2732,6,1
2733,35,8
2734,123,26
2735,25,6
2736,32,5
2737,68,12
2738,50,11
2739,23,4
2740,40,7
2741,51,11
2742,21,5
2743,18,3
2744,30,6
2745,61,11
2746,11,2
2747,38,8
2748,98,17
2749,9,2
2750,240,42
2751,18,4
2752,50,9
2753,41,7
2754,47,8
2755,37,6
2756,156,25
2757,62,11
2758,38,8
2759,44,7
2760,183,32
2761,118,23
2762,140,23
2763,168,29
2764,33,5
2765,31,5
2766,154,29
2767,197,38
2768,217,41
2769,158,30
2770,37,6
2771,53,8
2772,26,5
2773,72,14
2774,94,13
2775,45,8
2776,199,36
2777,37,8
2778,223,34
2779,104,20
2780,111,22
2781,60,13
2782,54,11
2783,42,10
2784,11,2
2785,39,8
2786,53,9
2787,206,35
2788,61,14
2789,60,10
2790,81,13
2791,27,5
2792,41,7
2793,197,34
2794,47,5
2795,19,4
2796,43,7
2797,93,18
2798,20,3
2799,313,58
2800,17,2
2801,43,9
2802,62,12
2803,18,4
2804,23,4
2805,362,58
2806,34,6
2807,36,7
2808,84,14
2809,40,8
2810,27,5
2811,34,5
2812,99,16
2813,8,1
2814,97,17
2815,24,5
2816,31,6
2817,41,8
2818,236,48
2819,33,6
2820,88,20
2821,31,8
2822,190,41
2823,47,10
2824,82,18
2825,50,9
2826,36,7
2827,56,10
2828,74,15
2829,57,11
2830,98,16
2831,35,7
2832,416,72
2833,73,13
2834,18,4
2835,29,6
2836,188,32
2837,37,7
2838,34,6
2839,54,10
2840,28,6
2841,132,23
2842,75,13
2843,58,10
2844,71,13
2845,23,5
2846,14,4
2847,125,21
2848,85,15
2849,43,8
2850,68,11
2851,45,8
2852,72,14
2853,70,11
2854,37,7
2855,28,6
2856,55,9
2857,200,36
2858,151,28
2859,29,6
2860,39,6
2861,34,5
2862,11,3
2863,79,16
2864,21,3
2865,113,20
2866,43,9
2867,33,7
2868,12,3
2869,121,22
2870,48,8
2871,32,7
2872,76,15
2873,40,9
2874,23,5
2875,94,18
2876,46,9
2877,31,7
2878,14,3
2879,94,20
2880,68,13
2881,31,5
2882,71,13
2883,104,20
2884,22,5
2885,49,6
2886,88,17
2887,23,5
2888,64,12
2889,99,17
2890,12,2
2891,26,4
2892,29,5
2893,202,36
2894,10,2
2895,25,5
2896,146,30
2897,161,28
2898,72,13
2899,79,12
2900,31,6
2901,30,6
2902,28,6
2903,34,6
2904,62,15
2905,45,9
2906,301,49
2907,64,9
2908,23,4
2909,62,12
2910,48,9
2911,20,4
2912,118,21
2913,264,50
2914,29,6
2915,52,8
2916,107,19
2917,28,6
2918,38,8
2919,32,7
2920,25,5
2921,27,5
2922,85,13
2923,61,12
2924,97,18
2925,191,37
2926,122,23
2927,70,13
2928,187,34
2929,137,26
2930,94,17
2931,68,15
2932,76,16
2933,24,5
2934,24,5
2935,37,6
2936,13,2
2937,27,5
2938,28,7
2939,23,4
2940,141,25
2941,20,4
2942,21,4
2943,22,4
2944,82,13
2945,14,3
